{"cameraMode":{"drawMode":0,"name":"Shaded","section":"Shading Mode"},"sceneLighting":false,"audioPlay":false,"sceneViewState":{"m_AlwaysRefresh":false,"showFog":true,"showSkybox":false,"showFlares":true,"showImageEffects":true,"showParticleSystems":true,"showVisualEffectGraphs":true,"m_FxEnabled":true},"in2DMode":false,"pivot":{"x":33.100154876708987,"y":0.22159266471862794,"z":3.9470348358154299},"rotation":{"x":-0.12844468653202058,"y":0.6746200323104858,"z":-0.12088415771722794,"w":-0.7167951464653015},"size":1.2990410327911378,"orthographic":false}